{"Albania": 0.5073891625615764, "Andorra": 0.5087719298245614, "Austria": 0.45714285714285713, "Belarus": 0.518348623853211, "Belgium": 0.5194174757281553, "Bosnia and Herzegovina": 0.5046728971962616, "Bulgaria": 0.43157894736842106, "Croatia": 0.47297297297297297, "Cyprus": 0.49047619047619045, "Czech Republic": 0.47572815533980584, "Denmark": 0.49321266968325794, "Estonia": 0.5550660792951542, "Finland": 0.5106382978723404, "France": 0.5392156862745098, "Germany": 0.5384615384615384, "Greece": 0.4953271028037383, "Hungary": 0.5458333333333333, "Iceland": 0.5, "Ireland": 0.5424528301886793, "Italy": 0.4954954954954955, "Kosovo": 0.5022026431718062, "Latvia": 0.44642857142857145, "Liechtenstein": 0.4579831932773109, "Lithuania": 0.547945205479452, "Luxembourg": 0.47368421052631576, "Malta": 0.5182186234817814, "Moldova": 0.4606741573033708, "Monaco": 0.5146443514644351, "Montenegro": 0.49122807017543857, "Netherlands": 0.5118483412322274, "North Macedonia": 0.5901639344262295, "Norway": 0.5178571428571429, "Poland": 0.5070422535211268, "Portugal": 0.5180180180180181, "Romania": 0.508695652173913, "Russia": 0.4312796208530806, "San Marino": 0.52, "Serbia": 0.45714285714285713, "Slovakia": 0.5633187772925764, "Slovenia": 0.5092592592592593, "Spain": 0.5279187817258884, "Sweden": 0.5154185022026432, "Switzerland": 0.5699481865284974, "Ukraine": 0.5534883720930233, "United Kingdom": 0.5213675213675214, "Vatican City": 0.467005076142132}